{
	"description": "项目配置文件。",
	"setting": {
		"urlCheck": false,
		"es6": true,
		"postcss": true,
		"minified": true,
		"newFeature": true
	},
	"compileType": "miniprogram",
	"libVersion": "1.9.1",
	"appid": "wx870dbb58111b2295",
	"projectname": "%E7%B1%B3%E6%97%B6",
	"condition": {
		"search": {
			"current": -1,
			"list": []
		},
		"conversation": {
			"current": -1,
			"list": []
		},
		"plugin": {
			"current": -1,
			"list": []
		},
		"game": {
			"current": -1,
			"list": []
		},
		"miniprogram": {
			"current": -1,
			"list": [
				{
					"id": -1,
					"name": "砍价商城",
					"pathName": "pages/bargain/index",
					"query": ""
				},
				{
					"id": -1,
					"name": "用户中心",
					"pathName": "pages/user/index",
					"query": ""
				},
				{
					"id": -1,
					"name": "拼购",
					"pathName": "pages/group/index",
					"query": ""
				},
				{
					"id": -1,
					"name": "待成团",
					"pathName": "pages/group/order/index",
					"query": ""
				},
				{
					"id": -1,
					"name": "待成团",
					"pathName": "pages/group/wait",
					"query": ""
				},
				{
					"id": -1,
					"name": "排行",
					"pathName": "pages/group/rank",
					"query": ""
				},
				{
					"id": -1,
					"name": "user",
					"pathName": "pages/user/index",
					"query": ""
				},
				{
					"id": -1,
					"name": "用户中心",
					"pathName": "pages/user/index",
					"query": ""
				},
				{
					"id": -1,
					"name": "砍价",
					"pathName": "pages/bargain/index",
					"query": ""
				},
				{
					"id": -1,
					"name": "拼团",
					"pathName": "pages/group/index",
					"query": ""
				}
			]
		}
	}
}